Workbook

Sheet 总览与使用说明
A1: 两周 Python + 算法数据结构 密集学习计划
A4: 目标
A5: 两周内不追求“全部精通”，目标是：1）建立算法思想的识别框架（看到题目能反应出考点）；2）覆盖高频简单/中等题型；3）跑通LLM API调用，作为后续RAG/Agent学习的支线起点。两周结束后仍会遗忘部分内容，这是正常的——真正的巩固发生在后续投递、面试、复习的反复触碰中。
A8: 如何使用本表
A9: 1. 「每日打卡表」是主表：每天学完后，在“自测结果”列用下拉菜单选择 ✅掌握 / ⚠️需提示 / ❌不会
A10: 2. 不要用“再刷一道题”代替自测——先合上资料，自己口述或手写出核心方法，讲不出来才算没掌握
A11: 3. 「薄弱清单」会自动汇总所有标记为 ⚠️ 或 ❌ 的项目，两周结束后照着它做针对性回补
A12: 4. 「专题速查」是资源索引，遇到某专题理解不了时，去对应资源里找框架性讲解
A13: 5. 每天自测环节控制在10-15分钟，不需要面面俱到，诚实标记比“看起来学得多”更重要
A16: 自测标准说明
A17: ✅ 掌握 | B17: 合上资料能口述方法框架，或独立写出可运行代码，不看提示
A18: ⚠️ 需提示 | B18: 看到关键词/框架提示后能做出来，但独立反应不出
A19: ❌ 不会 | B19: 即使给提示也无法完成，或者完全没有思路
A22: 重要提醒
A23: 堆、单调栈进阶、图论深入未纳入两周计划，属于第3周起穿插学习内容。全天学习没有恢复期容易产生习得性疲惫——建议第7天、第14天下午作为半休息时间，保留精力应对后续十周的持续投入。

Sheet 每日打卡表
A1: 天数 | B1: 日期 | C1: 阶段 | D1: 学习主题 | E1: 具体内容 | F1: 推荐题量/资源 | G1: 支线任务(LLM API) | H1: 自测方法 | I1: 自测结果 | J1: 备注/薄弱点
A2: Day 1 | C2: 第一周 | D2: Python语法基础 | E2: 变量/数据类型、条件判断、for/while循环、异常处理try-except | F2: 代码随想录暂无对应内容，用菜鸟教程/廖雪峰Python教程 + 自己写3个小练习 | G2: （暂不开始） | H2: 不看资料写出一个含循环和判断的20行小脚本
A3: Day 2 | C3: 第一周 | D3: 数据结构操作+函数 | E3: list/dict/set增删改查、字符串split/join/strip/f-string、函数定义与参数 | F3: 自己写练习：文件词频统计、简单数据处理脚本 | G3: （暂不开始） | H3: 给一个存储需求，能立刻判断该用list/dict/set哪种结构
A4: Day 3 | C4: 第一周 | D4: 数组与字符串 + 双指针 | E4: 双指针识别信号：有序数组、找配对、原地修改、回文 | F4: 代码随想录-数组篇，双指针题型 10-15题 | G4: 注册LLM API账号，跑通第一次调用（输入文本→输出结果） | H4: 合上代码，口述双指针适用场景和模板写法
A5: Day 4 | C5: 第一周 | D5: 滑动窗口 + 哈希表 | E5: 滑动窗口识别信号：连续子数组/子串、最长最短满足条件；哈希表：O(1)查找降复杂度 | F5: 代码随想录-哈希表篇 + 滑动窗口题型 8-10题 | G5: 学习Prompt基本结构：角色设定、few-shot示例、输出格式约束 | H5: 给一道新题，1分钟内判断是否为滑动窗口/哈希表场景
A6: Day 5 | C6: 第一周 | D6: 链表 + 栈/队列 | E6: 快慢指针、链表反转、环检测；括号匹配、单调栈入门 | F6: 代码随想录-链表篇 + 栈与队列篇 10-12题 | G6: 练习：让API稳定输出结构化JSON格式 | H6: 手写链表反转和环检测代码，不看提示
A7: Day 6 | C7: 第一周 | D7: 二叉树遍历 | E7: 前中后序遍历、层序遍历、递归三要素建立 | F7: 代码随想录-二叉树篇 10题左右 | G7: 巩固JSON输出练习，尝试做简单文本分类小工具 | H7: 口述递归三要素：终止条件/单层逻辑/返回值
A8: Day 7 | C8: 第一周 | D8: 周复盘日（不学新内容） | E8: 过一遍本周6个专题自测清单，标记✅⚠️❌，重点回补❌项 | F8: 无新题，针对薄弱项补做3-5题 | G8: 整理本周API练习代码，写一句话总结学到了什么 | H8: 能否不看资料完整讲出本周6个专题的识别信号
A9: Day 8 | C9: 第二周 | D9: 二分查找 | E9: 识别信号：有序数组、时间复杂度要求O(log n)；重点练边界条件判断，避免死循环 | F9: 代码随想录-二分查找篇 8-10题 | G9: 继续完善文本分类/信息抽取小工具 | H9: 口述二分适用信号，手写不出现死循环的模板
A10: Day 9 | C10: 第二周 | D10: 回溯 | E10: 识别信号：所有可能的组合/排列、求所有解；组合/排列/子集题型 | F10: 代码随想录-回溯篇 8题 | G10: 了解向量数据库基本概念（为下阶段RAG做铺垫） | H10: 画出回溯树形结构并口述剪枝逻辑
A11: Day 10 | C11: 第二周 | D11: 贪心 | E11: 识别信号：局部最优推全局最优、区间调度、最少步数 | F11: 代码随想录-贪心篇 6-8题 | G11: 了解embedding基本概念（为下阶段RAG做铺垫） | H11: 能否判断一道题该用贪心还是需要动态规划
A12: Day 11 | C12: 第二周 | D12: 动态规划入门(上) | E12: 从爬楼梯到简单背包问题，理解状态转移方程；这是最难专题，不要求速度 | F12: 代码随想录-动态规划篇 5题 | G12: 巩固小工具，补充异常处理和边界情况 | H12: 能否写出状态转移方程即算及格，不追求当场秒解
A13: Day 12 | C13: 第二周 | D13: 动态规划入门(下) | E13: 继续背包问题变体，接触简单的字符串dp | F13: 代码随想录-动态规划篇 5题 | G13: 整理小工具代码，准备作为后续项目的雏形 | H13: 同上，能写出状态转移方程即算及格
... A15: Day 14 | C15: 第二周 | D15: 总复盘日 | E15: 过一遍两周全部自测清单，标记所有❌项列成薄弱清单，后续穿插复习 | F15: 无新题，针对薄弱项集中回补 | G15: 总结两周API学习成果，规划第3周LLM API主线深入 | H15: 能否完整讲出两周内所有专题的识别信号（允许看提纲回忆）

Sheet 薄弱清单(自动汇总)
A1: 薄弱清单 — 自动汇总标记为 ⚠️需提示 / ❌不会 的专题
A3: 说明：此表通过公式自动从「每日打卡表」抓取需要回补的专题，不需要手动填写，标记结果后自动更新。
A5: 天数 | B5: 学习主题 | C5: 自测结果 | D5: 备注/薄弱点
A6: =IF(OR(每日打卡表!I2="⚠️需提示",每日打卡表!I2="❌不会"),每日打卡表!A2,"") | B6: =IF(OR(每日打卡表!I2="⚠️需提示",每日打卡表!I2="❌不会"),每日打卡表!D2,"") | C6: =IF(OR(每日打卡表!I2="⚠️需提示",每日打卡表!I2="❌不会"),每日打卡表!I2,"") | D6: =IF(OR(每日打卡表!I2="⚠️需提示",每日打卡表!I2="❌不会"),每日打卡表!J2,"")
A7: =IF(OR(每日打卡表!I3="⚠️需提示",每日打卡表!I3="❌不会"),每日打卡表!A3,"") | B7: =IF(OR(每日打卡表!I3="⚠️需提示",每日打卡表!I3="❌不会"),每日打卡表!D3,"") | C7: =IF(OR(每日打卡表!I3="⚠️需提示",每日打卡表!I3="❌不会"),每日打卡表!I3,"") | D7: =IF(OR(每日打卡表!I3="⚠️需提示",每日打卡表!I3="❌不会"),每日打卡表!J3,"")
A8: =IF(OR(每日打卡表!I4="⚠️需提示",每日打卡表!I4="❌不会"),每日打卡表!A4,"") | B8: =IF(OR(每日打卡表!I4="⚠️需提示",每日打卡表!I4="❌不会"),每日打卡表!D4,"") | C8: =IF(OR(每日打卡表!I4="⚠️需提示",每日打卡表!I4="❌不会"),每日打卡表!I4,"") | D8: =IF(OR(每日打卡表!I4="⚠️需提示",每日打卡表!I4="❌不会"),每日打卡表!J4,"")
A9: =IF(OR(每日打卡表!I5="⚠️需提示",每日打卡表!I5="❌不会"),每日打卡表!A5,"") | B9: =IF(OR(每日打卡表!I5="⚠️需提示",每日打卡表!I5="❌不会"),每日打卡表!D5,"") | C9: =IF(OR(每日打卡表!I5="⚠️需提示",每日打卡表!I5="❌不会"),每日打卡表!I5,"") | D9: =IF(OR(每日打卡表!I5="⚠️需提示",每日打卡表!I5="❌不会"),每日打卡表!J5,"")
A10: =IF(OR(每日打卡表!I6="⚠️需提示",每日打卡表!I6="❌不会"),每日打卡表!A6,"") | B10: =IF(OR(每日打卡表!I6="⚠️需提示",每日打卡表!I6="❌不会"),每日打卡表!D6,"") | C10: =IF(OR(每日打卡表!I6="⚠️需提示",每日打卡表!I6="❌不会"),每日打卡表!I6,"") | D10: =IF(OR(每日打卡表!I6="⚠️需提示",每日打卡表!I6="❌不会"),每日打卡表!J6,"")
A11: =IF(OR(每日打卡表!I7="⚠️需提示",每日打卡表!I7="❌不会"),每日打卡表!A7,"") | B11: =IF(OR(每日打卡表!I7="⚠️需提示",每日打卡表!I7="❌不会"),每日打卡表!D7,"") | C11: =IF(OR(每日打卡表!I7="⚠️需提示",每日打卡表!I7="❌不会"),每日打卡表!I7,"") | D11: =IF(OR(每日打卡表!I7="⚠️需提示",每日打卡表!I7="❌不会"),每日打卡表!J7,"")
A12: =IF(OR(每日打卡表!I8="⚠️需提示",每日打卡表!I8="❌不会"),每日打卡表!A8,"") | B12: =IF(OR(每日打卡表!I8="⚠️需提示",每日打卡表!I8="❌不会"),每日打卡表!D8,"") | C12: =IF(OR(每日打卡表!I8="⚠️需提示",每日打卡表!I8="❌不会"),每日打卡表!I8,"") | D12: =IF(OR(每日打卡表!I8="⚠️需提示",每日打卡表!I8="❌不会"),每日打卡表!J8,"")
A13: =IF(OR(每日打卡表!I9="⚠️需提示",每日打卡表!I9="❌不会"),每日打卡表!A9,"") | B13: =IF(OR(每日打卡表!I9="⚠️需提示",每日打卡表!I9="❌不会"),每日打卡表!D9,"") | C13: =IF(OR(每日打卡表!I9="⚠️需提示",每日打卡表!I9="❌不会"),每日打卡表!I9,"") | D13: =IF(OR(每日打卡表!I9="⚠️需提示",每日打卡表!I9="❌不会"),每日打卡表!J9,"")
A14: =IF(OR(每日打卡表!I10="⚠️需提示",每日打卡表!I10="❌不会"),每日打卡表!A10,"") | B14: =IF(OR(每日打卡表!I10="⚠️需提示",每日打卡表!I10="❌不会"),每日打卡表!D10,"") | C14: =IF(OR(每日打卡表!I10="⚠️需提示",每日打卡表!I10="❌不会"),每日打卡表!I10,"") | D14: =IF(OR(每日打卡表!I10="⚠️需提示",每日打卡表!I10="❌不会"),每日打卡表!J10,"")
A15: =IF(OR(每日打卡表!I11="⚠️需提示",每日打卡表!I11="❌不会"),每日打卡表!A11,"") | B15: =IF(OR(每日打卡表!I11="⚠️需提示",每日打卡表!I11="❌不会"),每日打卡表!D11,"") | C15: =IF(OR(每日打卡表!I11="⚠️需提示",每日打卡表!I11="❌不会"),每日打卡表!I11,"") | D15: =IF(OR(每日打卡表!I11="⚠️需提示",每日打卡表!I11="❌不会"),每日打卡表!J11,"")
A16: =IF(OR(每日打卡表!I12="⚠️需提示",每日打卡表!I12="❌不会"),每日打卡表!A12,"") | B16: =IF(OR(每日打卡表!I12="⚠️需提示",每日打卡表!I12="❌不会"),每日打卡表!D12,"") | C16: =IF(OR(每日打卡表!I12="⚠️需提示",每日打卡表!I12="❌不会"),每日打卡表!I12,"") | D16: =IF(OR(每日打卡表!I12="⚠️需提示",每日打卡表!I12="❌不会"),每日打卡表!J12,"")
A17: =IF(OR(每日打卡表!I13="⚠️需提示",每日打卡表!I13="❌不会"),每日打卡表!A13,"") | B17: =IF(OR(每日打卡表!I13="⚠️需提示",每日打卡表!I13="❌不会"),每日打卡表!D13,"") | C17: =IF(OR(每日打卡表!I13="⚠️需提示",每日打卡表!I13="❌不会"),每日打卡表!I13,"") | D17: =IF(OR(每日打卡表!I13="⚠️需提示",每日打卡表!I13="❌不会"),每日打卡表!J13,"")
... A19: =IF(OR(每日打卡表!I15="⚠️需提示",每日打卡表!I15="❌不会"),每日打卡表!A15,"") | B19: =IF(OR(每日打卡表!I15="⚠️需提示",每日打卡表!I15="❌不会"),每日打卡表!D15,"") | C19: =IF(OR(每日打卡表!I15="⚠️需提示",每日打卡表!I15="❌不会"),每日打卡表!I15,"") | D19: =IF(OR(每日打卡表!I15="⚠️需提示",每日打卡表!I15="❌不会"),每日打卡表!J15,"")

Sheet 专题速查
A1: 专题速查 — 资源索引
A3: 专题 | B3: 主用资源 | C3: 补充资源(框架讲解) | D3: 备注
A4: Python基础语法 | B4: 菜鸟教程 runoob.com / 廖雪峰Python教程 | C4: — | D4: 不需要报课，边写练习边查
A5: 数组/双指针/滑动窗口 | B5: 代码随想录 programmercarl.com | C5: labuladong.online 双指针/滑动窗口专题 | D5: 先按代码随想录顺序过一遍
A6: 哈希表 | B6: 代码随想录-哈希表篇 | C6: labuladong.online 哈希表技巧
A7: 链表 | B7: 代码随想录-链表篇 | C7: labuladong.online 链表技巧 | D7: 快慢指针是核心
A8: 栈与队列 | B8: 代码随想录-栈与队列篇 | C8: labuladong.online 单调栈专题 | D8: 单调栈可放到第3周深入
A9: 二叉树 | B9: 代码随想录-二叉树篇 | C9: labuladong.online 二叉树系列(讲解详尽) | D9: 递归思维在这里建立
A10: 二分查找 | B10: 代码随想录-二分查找篇 | C10: labuladong.online 二分查找框架 | D10: 重点是边界条件不出错
A11: 回溯 | B11: 代码随想录-回溯篇 | C11: labuladong.online 回溯框架 | D11: 画树形结构帮助理解
A12: 贪心 | B12: 代码随想录-贪心篇 | C12: — | D12: 重点是判断何时贪心何时dp
A13: 动态规划 | B13: 代码随想录-动态规划篇 | C13: labuladong.online 动态规划框架 | D13: 两周只做入门，后续持续深入
A14: 图论/BFS/DFS | B14: 代码随想录-图论篇 | C14: labuladong.online 图论专题 | D14: 第3周可继续深入
A15: 面试八股文 | B15: 代码随想录-八股文板块 | C15: — | D15: 投递面试阶段再重点看
A16: LLM API调用 | B16: 官方API文档(OpenAI/Anthropic等) | C16: — | D16: 先跑通调用，再学结构化输出
A17: Prompt工程 | B17: 官方Prompt Engineering文档 | C17: — | D17: 第3周起系统学习
